11;53;32;0;25.545981
11;53;31;0.001412;23.47684
11;53;30;0.002986;21.197163
11;53;29;0.001881;19.068156
11;53;28;0.007738;17.352053
11;53;27;0.003737;15.489181
11;53;26;0.005883;13.770491
11;53;25;0.004537;12.401407
11;53;24;0.004413;10.91389
11;53;23;0.00801;9.557058
11;53;22;0.005411;8.313366
11;53;21;0.012464;7.341098
11;53;20;0.000815;6.311397
11;53;19;0.020108;5.371828
11;53;18;0.00679;4.650453
11;53;17;0.007226;3.889837
11;53;16;0.010479;3.220799
11;53;15;0.003341;2.709978
11;53;14;0.013445;2.189614
11;53;13;0.022062;1.739257
11;53;12;0.020292;1.352112
11;53;11;0.027382;1.070958
11;53;10;0.053139;0.797493
11;53;9;0.014145;0.573854
11;53;8;0.002503;0.419124
11;53;7;0.036696;0.277715
11;53;6;0.076151;0.171545
11;53;5;0.17494;0.106076
11;53;4;0.2082;0.054335
11;53;3;0.91171;0.022712
11;53;2;12.15374;0.006667
11;53;1;47.79632;0.00134
11;52;32;0;25.567576
11;52;31;0.001412;23.483918
11;52;30;0.002986;21.200026
11;52;29;0.001881;19.068254
11;52;28;0.007738;17.365919
11;52;27;0.003737;15.498561
11;52;26;0.005883;13.780204
11;52;25;0.004537;12.402911
11;52;24;0.004413;10.917105
11;52;23;0.00801;9.557057
11;52;22;0.005411;8.323189
11;52;21;0.012464;7.348086
11;52;20;0.000815;6.308712
11;52;19;0.020108;5.377599
11;52;18;0.00679;4.649434
11;52;17;0.007226;3.891614
11;52;16;0.010479;3.223957
11;52;15;0.003341;2.712508
11;52;14;0.013445;2.190564
11;52;13;0.022062;1.735369
11;52;12;0.020292;1.354381
11;52;11;0.027382;1.073599
11;52;10;0.053139;0.796552
11;52;9;0.014145;0.57374
11;52;8;0.002503;0.418907
11;52;7;0.036696;0.276903
11;52;6;0.076151;0.172501
11;52;5;0.17494;0.106172
11;52;4;0.2082;0.053855
11;52;3;0.91171;0.022572
11;52;2;12.15374;0.006639
11;52;1;47.79632;0.001327
11;51;32;0;25.569637
11;51;31;0.001412;23.488653
11;51;30;0.002986;21.199483
11;51;29;0.001881;19.063398
11;51;28;0.007738;17.354035
11;51;27;0.003737;15.47734
11;51;26;0.005883;13.764564
11;51;25;0.004537;12.392919
11;51;24;0.004413;10.920917
11;51;23;0.00801;9.562181
11;51;22;0.005411;8.319241
11;51;21;0.012464;7.344806
11;51;20;0.000815;6.308664
11;51;19;0.020108;5.373122
11;51;18;0.00679;4.654207
11;51;17;0.007226;3.887276
11;51;16;0.010479;3.21755
11;51;15;0.003341;2.710474
11;51;14;0.013445;2.192122
11;51;13;0.022062;1.739371
11;51;12;0.020292;1.354173
11;51;11;0.027382;1.07157
11;51;10;0.053139;0.798634
11;51;9;0.014145;0.575333
11;51;8;0.002503;0.419375
11;51;7;0.036696;0.278796
11;51;6;0.076151;0.172334
11;51;5;0.17494;0.107123
11;51;4;0.2082;0.054178
11;51;3;0.91171;0.022557
11;51;2;12.15374;0.006625
11;51;1;47.79632;0.001318
11;50;32;0;25.557254
11;50;31;0.001412;23.473414
11;50;30;0.002986;21.187841
11;50;29;0.001881;19.068989
11;50;28;0.007738;17.347215
11;50;27;0.003737;15.490324
11;50;26;0.005883;13.770533
11;50;25;0.004537;12.404679
11;50;24;0.004413;10.919296
11;50;23;0.00801;9.551062
11;50;22;0.005411;8.313919
11;50;21;0.012464;7.34315
11;50;20;0.000815;6.310181
11;50;19;0.020108;5.374121
11;50;18;0.00679;4.654143
11;50;17;0.007226;3.889189
11;50;16;0.010479;3.220379
11;50;15;0.003341;2.712303
11;50;14;0.013445;2.192568
11;50;13;0.022062;1.73693
11;50;12;0.020292;1.350824
11;50;11;0.027382;1.069975
11;50;10;0.053139;0.795905
11;50;9;0.014145;0.573929
11;50;8;0.002503;0.420372
11;50;7;0.036696;0.277951
11;50;6;0.076151;0.172003
11;50;5;0.17494;0.107031
11;50;4;0.2082;0.053923
11;50;3;0.91171;0.022579
11;50;2;12.15374;0.006648
11;50;1;47.79632;0.001306
11;49;32;0;25.556812
11;49;31;0.001412;23.473951
11;49;30;0.002986;21.20107
11;49;29;0.001881;19.050706
11;49;28;0.007738;17.358148
11;49;27;0.003737;15.4907
11;49;26;0.005883;13.764414
11;49;25;0.004537;12.396834
11;49;24;0.004413;10.916752
11;49;23;0.00801;9.553981
11;49;22;0.005411;8.317594
11;49;21;0.012464;7.342689
11;49;20;0.000815;6.307992
11;49;19;0.020108;5.373065
11;49;18;0.00679;4.646226
11;49;17;0.007226;3.890882
11;49;16;0.010479;3.220405
11;49;15;0.003341;2.711939
11;49;14;0.013445;2.190151
11;49;13;0.022062;1.734946
11;49;12;0.020292;1.350724
11;49;11;0.027382;1.071618
11;49;10;0.053139;0.796479
11;49;9;0.014145;0.57566
11;49;8;0.002503;0.419147
11;49;7;0.036696;0.27787
11;49;6;0.076151;0.171749
11;49;5;0.17494;0.106063
11;49;4;0.2082;0.054339
11;49;3;0.91171;0.022491
11;49;2;12.15374;0.006572
11;49;1;47.79632;0.001484
11;48;32;0;25.567045
11;48;31;0.001412;23.495783
11;48;30;0.002986;21.208627
11;48;29;0.001881;19.075471
11;48;28;0.007738;17.350004
11;48;27;0.003737;15.491484
11;48;26;0.005883;13.772395
11;48;25;0.004537;12.403014
11;48;24;0.004413;10.916612
11;48;23;0.00801;9.553088
11;48;22;0.005411;8.319911
11;48;21;0.012464;7.338394
11;48;20;0.000815;6.308383
11;48;19;0.020108;5.373154
11;48;18;0.00679;4.652521
11;48;17;0.007226;3.893222
11;48;16;0.010479;3.217496
11;48;15;0.003341;2.71323
11;48;14;0.013445;2.195905
11;48;13;0.022062;1.738719
11;48;12;0.020292;1.35381
11;48;11;0.027382;1.070756
11;48;10;0.053139;0.796392
11;48;9;0.014145;0.573868
11;48;8;0.002503;0.419231
11;48;7;0.036696;0.278517
11;48;6;0.076151;0.172245
11;48;5;0.17494;0.106043
11;48;4;0.2082;0.053861
11;48;3;0.91171;0.02245
11;48;2;12.15374;0.006772
11;48;1;47.79632;0.001319
11;47;32;0;25.571818
11;47;31;0.001412;23.491962
11;47;30;0.002986;21.198186
11;47;29;0.001881;19.072229
11;47;28;0.007738;17.356875
11;47;27;0.003737;15.489042
11;47;26;0.005883;13.773211
11;47;25;0.004537;12.395628
11;47;24;0.004413;10.913217
11;47;23;0.00801;9.557706
11;47;22;0.005411;8.323151
11;47;21;0.012464;7.343762
11;47;20;0.000815;6.306642
11;47;19;0.020108;5.379035
11;47;18;0.00679;4.652574
11;47;17;0.007226;3.887479
11;47;16;0.010479;3.219792
11;47;15;0.003341;2.707638
11;47;14;0.013445;2.188429
11;47;13;0.022062;1.734455
11;47;12;0.020292;1.351752
11;47;11;0.027382;1.070925
11;47;10;0.053139;0.796099
11;47;9;0.014145;0.576397
11;47;8;0.002503;0.419216
11;47;7;0.036696;0.278168
11;47;6;0.076151;0.171615
11;47;5;0.17494;0.106224
11;47;4;0.2082;0.053896
11;47;3;0.91171;0.022457
11;47;2;12.15374;0.006575
11;47;1;47.79632;0.001321
11;46;32;0;25.557556
11;46;31;0.001412;23.475309
11;46;30;0.002986;21.193639
11;46;29;0.001881;19.063331
11;46;28;0.007738;17.345622
11;46;27;0.003737;15.489853
11;46;26;0.005883;13.768256
11;46;25;0.004537;12.392271
11;46;24;0.004413;10.916768
11;46;23;0.00801;9.547036
11;46;22;0.005411;8.312203
11;46;21;0.012464;7.343978
11;46;20;0.000815;6.308809
11;46;19;0.020108;5.372577
11;46;18;0.00679;4.648848
11;46;17;0.007226;3.889634
11;46;16;0.010479;3.220778
11;46;15;0.003341;2.710111
11;46;14;0.013445;2.187648
11;46;13;0.022062;1.738222
11;46;12;0.020292;1.351126
11;46;11;0.027382;1.072719
11;46;10;0.053139;0.799046
11;46;9;0.014145;0.573351
11;46;8;0.002503;0.420008
11;46;7;0.036696;0.277563
11;46;6;0.076151;0.172106
11;46;5;0.17494;0.106695
11;46;4;0.2082;0.053851
11;46;3;0.91171;0.022403
11;46;2;12.15374;0.006579
11;46;1;47.79632;0.001396
11;45;32;0;25.567781
11;45;31;0.001412;23.486644
11;45;30;0.002986;21.197262
11;45;29;0.001881;19.058187
11;45;28;0.007738;17.361214
11;45;27;0.003737;15.500881
11;45;26;0.005883;13.771763
11;45;25;0.004537;12.397965
11;45;24;0.004413;10.915542
11;45;23;0.00801;9.550353
11;45;22;0.005411;8.317257
11;45;21;0.012464;7.341376
11;45;20;0.000815;6.311218
11;45;19;0.020108;5.37279
11;45;18;0.00679;4.655007
11;45;17;0.007226;3.888424
11;45;16;0.010479;3.223339
11;45;15;0.003341;2.713728
11;45;14;0.013445;2.187684
11;45;13;0.022062;1.736827
11;45;12;0.020292;1.354716
11;45;11;0.027382;1.071424
11;45;10;0.053139;0.798344
11;45;9;0.014145;0.574051
11;45;8;0.002503;0.420289
11;45;7;0.036696;0.2771
11;45;6;0.076151;0.171571
11;45;5;0.17494;0.106662
11;45;4;0.2082;0.054516
11;45;3;0.91171;0.022485
11;45;2;12.15374;0.006593
11;45;1;47.79632;0.00141
11;44;32;0;25.556583
11;44;31;0.001412;23.482499
11;44;30;0.002986;21.189143
11;44;29;0.001881;19.068819
11;44;28;0.007738;17.347425
11;44;27;0.003737;15.496233
11;44;26;0.005883;13.773188
11;44;25;0.004537;12.398132
11;44;24;0.004413;10.918101
11;44;23;0.00801;9.559919
11;44;22;0.005411;8.324309
11;44;21;0.012464;7.343256
11;44;20;0.000815;6.309861
11;44;19;0.020108;5.36888
11;44;18;0.00679;4.645399
11;44;17;0.007226;3.890783
11;44;16;0.010479;3.219446
11;44;15;0.003341;2.712785
11;44;14;0.013445;2.186684
11;44;13;0.022062;1.736554
11;44;12;0.020292;1.352911
11;44;11;0.027382;1.074693
11;44;10;0.053139;0.799103
11;44;9;0.014145;0.572387
11;44;8;0.002503;0.419146
11;44;7;0.036696;0.276805
11;44;6;0.076151;0.171713
11;44;5;0.17494;0.106656
11;44;4;0.2082;0.054355
11;44;3;0.91171;0.022514
11;44;2;12.15374;0.006587
11;44;1;47.79632;0.001307
11;43;32;0;25.55422
11;43;31;0.001412;23.467782
11;43;30;0.002986;21.194638
11;43;29;0.001881;19.064156
11;43;28;0.007738;17.347484
11;43;27;0.003737;15.484955
11;43;26;0.005883;13.771409
11;43;25;0.004537;12.406962
11;43;24;0.004413;10.913539
11;43;23;0.00801;9.554995
11;43;22;0.005411;8.318331
11;43;21;0.012464;7.342129
11;43;20;0.000815;6.30614
11;43;19;0.020108;5.370133
11;43;18;0.00679;4.646498
11;43;17;0.007226;3.8926
11;43;16;0.010479;3.224924
11;43;15;0.003341;2.715258
11;43;14;0.013445;2.189735
11;43;13;0.022062;1.735033
11;43;12;0.020292;1.354344
11;43;11;0.027382;1.073253
11;43;10;0.053139;0.798445
11;43;9;0.014145;0.573286
11;43;8;0.002503;0.418639
11;43;7;0.036696;0.278468
11;43;6;0.076151;0.171883
11;43;5;0.17494;0.106234
11;43;4;0.2082;0.053873
11;43;3;0.91171;0.022778
11;43;2;12.15374;0.006589
11;43;1;47.79632;0.00141
11;42;32;0;25.562543
11;42;31;0.001412;23.481437
11;42;30;0.002986;21.196945
11;42;29;0.001881;19.064795
11;42;28;0.007738;17.35549
11;42;27;0.003737;15.49407
11;42;26;0.005883;13.78089
11;42;25;0.004537;12.402478
11;42;24;0.004413;10.919308
11;42;23;0.00801;9.551748
11;42;22;0.005411;8.31653
11;42;21;0.012464;7.339903
11;42;20;0.000815;6.311132
11;42;19;0.020108;5.372449
11;42;18;0.00679;4.64693
11;42;17;0.007226;3.895922
11;42;16;0.010479;3.221148
11;42;15;0.003341;2.713438
11;42;14;0.013445;2.188564
11;42;13;0.022062;1.736894
11;42;12;0.020292;1.353082
11;42;11;0.027382;1.074998
11;42;10;0.053139;0.797541
11;42;9;0.014145;0.57473
11;42;8;0.002503;0.418789
11;42;7;0.036696;0.277758
11;42;6;0.076151;0.171475
11;42;5;0.17494;0.106016
11;42;4;0.2082;0.053908
11;42;3;0.91171;0.022611
11;42;2;12.15374;0.006873
11;42;1;47.79632;0.001323
11;41;32;0;25.564649
11;41;31;0.001412;23.470195
11;41;30;0.002986;21.19709
11;41;29;0.001881;19.059661
11;41;28;0.007738;17.358565
11;41;27;0.003737;15.492392
11;41;26;0.005883;13.756123
11;41;25;0.004537;12.397305
11;41;24;0.004413;10.910516
11;41;23;0.00801;9.551503
11;41;22;0.005411;8.316637
11;41;21;0.012464;7.335863
11;41;20;0.000815;6.301929
11;41;19;0.020108;5.370939
11;41;18;0.00679;4.647506
11;41;17;0.007226;3.886543
11;41;16;0.010479;3.217009
11;41;15;0.003341;2.707902
11;41;14;0.013445;2.186633
11;41;13;0.022062;1.735859
11;41;12;0.020292;1.353596
11;41;11;0.027382;1.069886
11;41;10;0.053139;0.796722
11;41;9;0.014145;0.57475
11;41;8;0.002503;0.419114
11;41;7;0.036696;0.278447
11;41;6;0.076151;0.171642
11;41;5;0.17494;0.106098
11;41;4;0.2082;0.053815
11;41;3;0.91171;0.022536
11;41;2;12.15374;0.006663
11;41;1;47.79632;0.001291
11;40;32;0;25.55404
11;40;31;0.001412;23.47061
11;40;30;0.002986;21.200979
11;40;29;0.001881;19.060765
11;40;28;0.007738;17.354936
11;40;27;0.003737;15.49213
11;40;26;0.005883;13.777088
11;40;25;0.004537;12.394878
11;40;24;0.004413;10.920411
11;40;23;0.00801;9.562308
11;40;22;0.005411;8.316414
11;40;21;0.012464;7.345289
11;40;20;0.000815;6.310044
11;40;19;0.020108;5.375025
11;40;18;0.00679;4.65408
11;40;17;0.007226;3.891249
11;40;16;0.010479;3.220497
11;40;15;0.003341;2.711972
11;40;14;0.013445;2.184464
11;40;13;0.022062;1.737686
11;40;12;0.020292;1.352878
11;40;11;0.027382;1.072613
11;40;10;0.053139;0.797505
11;40;9;0.014145;0.575049
11;40;8;0.002503;0.419656
11;40;7;0.036696;0.276941
11;40;6;0.076151;0.172934
11;40;5;0.17494;0.10657
11;40;4;0.2082;0.054377
11;40;3;0.91171;0.022662
11;40;2;12.15374;0.006582
11;40;1;47.79632;0.001295
11;39;32;0;25.576771
11;39;31;0.001412;23.483559
11;39;30;0.002986;21.203442
11;39;29;0.001881;19.056857
11;39;28;0.007738;17.34986
11;39;27;0.003737;15.481789
11;39;26;0.005883;13.765447
11;39;25;0.004537;12.389656
11;39;24;0.004413;10.916435
11;39;23;0.00801;9.558748
11;39;22;0.005411;8.316434
11;39;21;0.012464;7.340736
11;39;20;0.000815;6.311772
11;39;19;0.020108;5.373395
11;39;18;0.00679;4.649856
11;39;17;0.007226;3.893471
11;39;16;0.010479;3.22008
11;39;15;0.003341;2.712737
11;39;14;0.013445;2.18745
11;39;13;0.022062;1.739945
11;39;12;0.020292;1.353981
11;39;11;0.027382;1.072335
11;39;10;0.053139;0.795842
11;39;9;0.014145;0.574034
11;39;8;0.002503;0.418848
11;39;7;0.036696;0.277022
11;39;6;0.076151;0.171712
11;39;5;0.17494;0.107348
11;39;4;0.2082;0.053861
11;39;3;0.91171;0.022752
11;39;2;12.15374;0.006722
11;39;1;47.79632;0.001465
11;38;32;0;25.575922
11;38;31;0.001412;23.486476
11;38;30;0.002986;21.197851
11;38;29;0.001881;19.070896
11;38;28;0.007738;17.356557
11;38;27;0.003737;15.491731
11;38;26;0.005883;13.774956
11;38;25;0.004537;12.403801
11;38;24;0.004413;10.921653
11;38;23;0.00801;9.560913
11;38;22;0.005411;8.312771
11;38;21;0.012464;7.34668
11;38;20;0.000815;6.308012
11;38;19;0.020108;5.374597
11;38;18;0.00679;4.656294
11;38;17;0.007226;3.891956
11;38;16;0.010479;3.221062
11;38;15;0.003341;2.712686
11;38;14;0.013445;2.191854
11;38;13;0.022062;1.736703
11;38;12;0.020292;1.354395
11;38;11;0.027382;1.071647
11;38;10;0.053139;0.798945
11;38;9;0.014145;0.576077
11;38;8;0.002503;0.418558
11;38;7;0.036696;0.277579
11;38;6;0.076151;0.171499
11;38;5;0.17494;0.106035
11;38;4;0.2082;0.053926
11;38;3;0.91171;0.022795
11;38;2;12.15374;0.006635
11;38;1;47.79632;0.001311
11;37;32;0;25.558814
11;37;31;0.001412;23.471566
11;37;30;0.002986;21.202399
11;37;29;0.001881;19.061897
11;37;28;0.007738;17.355394
11;37;27;0.003737;15.496814
11;37;26;0.005883;13.765987
11;37;25;0.004537;12.393918
11;37;24;0.004413;10.910199
11;37;23;0.00801;9.557246
11;37;22;0.005411;8.318385
11;37;21;0.012464;7.336648
11;37;20;0.000815;6.304352
11;37;19;0.020108;5.371564
11;37;18;0.00679;4.645664
11;37;17;0.007226;3.88769
11;37;16;0.010479;3.221047
11;37;15;0.003341;2.710101
11;37;14;0.013445;2.186596
11;37;13;0.022062;1.735641
11;37;12;0.020292;1.350844
11;37;11;0.027382;1.073084
11;37;10;0.053139;0.798102
11;37;9;0.014145;0.573988
11;37;8;0.002503;0.419819
11;37;7;0.036696;0.277773
11;37;6;0.076151;0.171953
11;37;5;0.17494;0.106731
11;37;4;0.2082;0.05386
11;37;3;0.91171;0.022477
11;37;2;12.15374;0.006626
11;37;1;47.79632;0.001335
11;36;32;0;25.57214
11;36;31;0.001412;23.485753
11;36;30;0.002986;21.199577
11;36;29;0.001881;19.075917
11;36;28;0.007738;17.364474
11;36;27;0.003737;15.493259
11;36;26;0.005883;13.765779
11;36;25;0.004537;12.399798
11;36;24;0.004413;10.915441
11;36;23;0.00801;9.559868
11;36;22;0.005411;8.319452
11;36;21;0.012464;7.344148
11;36;20;0.000815;6.309781
11;36;19;0.020108;5.377267
11;36;18;0.00679;4.650123
11;36;17;0.007226;3.890425
11;36;16;0.010479;3.222455
11;36;15;0.003341;2.714294
11;36;14;0.013445;2.189049
11;36;13;0.022062;1.739614
11;36;12;0.020292;1.352348
11;36;11;0.027382;1.071836
11;36;10;0.053139;0.796343
11;36;9;0.014145;0.573842
11;36;8;0.002503;0.419121
11;36;7;0.036696;0.277428
11;36;6;0.076151;0.17148
11;36;5;0.17494;0.106107
11;36;4;0.2082;0.053802
11;36;3;0.91171;0.022406
11;36;2;12.15374;0.006629
11;36;1;47.79632;0.001291
11;35;32;0;25.556997
11;35;31;0.001412;23.484402
11;35;30;0.002986;21.203775
11;35;29;0.001881;19.061098
11;35;28;0.007738;17.369186
11;35;27;0.003737;15.500121
11;35;26;0.005883;13.78285
11;35;25;0.004537;12.404179
11;35;24;0.004413;10.926787
11;35;23;0.00801;9.567123
11;35;22;0.005411;8.322207
11;35;21;0.012464;7.346391
11;35;20;0.000814;6.313098
11;35;19;0.020108;5.382886
11;35;18;0.00679;4.654681
11;35;17;0.007226;3.896462
11;35;16;0.010479;3.226632
11;35;15;0.003341;2.713135
11;35;14;0.013445;2.190889
11;35;13;0.022062;1.737557
11;35;12;0.020292;1.353121
11;35;11;0.027382;1.072216
11;35;10;0.053139;0.799046
11;35;9;0.014145;0.574191
11;35;8;0.002503;0.420259
11;35;7;0.036696;0.277903
11;35;6;0.076151;0.172679
11;35;5;0.17494;0.10618
11;35;4;0.2082;0.053875
11;35;3;0.91171;0.022522
11;35;2;12.15374;0.006573
11;35;1;47.79632;0.001378
11;34;32;0;25.563047
11;34;31;0.001412;23.476389
11;34;30;0.002986;21.20401
11;34;29;0.001881;19.060134
11;34;28;0.007738;17.341326
11;34;27;0.003737;15.480497
11;34;26;0.005883;13.766106
11;34;25;0.004537;12.40039
11;34;24;0.004413;10.919112
11;34;23;0.00801;9.563562
11;34;22;0.005411;8.313574
11;34;21;0.012464;7.350614
11;34;20;0.000815;6.301152
11;34;19;0.020108;5.370727
11;34;18;0.00679;4.650934
11;34;17;0.007226;3.898572
11;34;16;0.010479;3.224653
11;34;15;0.003341;2.711632
11;34;14;0.013445;2.192297
11;34;13;0.022062;1.733558
11;34;12;0.020292;1.353162
11;34;11;0.027382;1.072359
11;34;10;0.053139;0.798016
11;34;9;0.014145;0.573436
11;34;8;0.002503;0.419152
11;34;7;0.036696;0.277576
11;34;6;0.076151;0.172702
11;34;5;0.17494;0.106065
11;34;4;0.2082;0.054574
11;34;3;0.911709;0.022698
11;34;2;12.15374;0.006576
11;34;1;47.79632;0.001338
11;33;32;0;25.566392
11;33;31;0.001412;23.477212
11;33;30;0.002986;21.194051
11;33;29;0.001881;19.061136
11;33;28;0.007738;17.362222
11;33;27;0.003737;15.496611
11;33;26;0.005883;13.762778
11;33;25;0.004537;12.400823
11;33;24;0.004413;10.912501
11;33;23;0.00801;9.557929
11;33;22;0.005411;8.316885
11;33;21;0.012463;7.341645
11;33;20;0.000815;6.302525
11;33;19;0.020108;5.37518
11;33;18;0.00679;4.650958
11;33;17;0.007226;3.891577
11;33;16;0.010479;3.221137
11;33;15;0.003341;2.713829
11;33;14;0.013445;2.190066
11;33;13;0.022062;1.736638
11;33;12;0.020291;1.352756
11;33;11;0.027382;1.072581
11;33;10;0.053139;0.795851
11;33;9;0.014145;0.57502
11;33;8;0.002503;0.420126
11;33;7;0.036696;0.278264
11;33;6;0.076151;0.173398
11;33;5;0.17494;0.10684
11;33;4;0.2082;0.053871
11;33;3;0.91171;0.022469
11;33;2;12.15374;0.006571
11;33;1;47.79632;0.001392
11;32;32;0;25.563035
11;32;31;0.001412;23.474745
11;32;30;0.002986;21.205062
11;32;29;0.001881;19.062963
11;32;28;0.007738;17.362419
11;32;27;0.003737;15.484439
11;32;26;0.005883;13.7725
11;32;25;0.004537;12.395695
11;32;24;0.004413;10.914264
11;32;23;0.00801;9.559152
11;32;22;0.005411;8.314381
11;32;21;0.012463;7.341076
11;32;20;0.000814;6.304768
11;32;19;0.020107;5.373016
11;32;18;0.00679;4.652761
11;32;17;0.007226;3.893181
11;32;16;0.010479;3.221046
11;32;15;0.003341;2.716373
11;32;14;0.013446;2.188758
11;32;13;0.022062;1.734587
11;32;12;0.020292;1.351012
11;32;11;0.027382;1.075529
11;32;10;0.053139;0.795147
11;32;9;0.014145;0.573738
11;32;8;0.002503;0.420094
11;32;7;0.036696;0.277096
11;32;6;0.076151;0.172877
11;32;5;0.17494;0.106688
11;32;4;0.2082;0.054282
11;32;3;0.911709;0.022692
11;32;2;12.15374;0.00672
11;32;1;47.79632;0.001445
11;31;32;0;25.556207
11;31;31;0.001412;23.479199
11;31;30;0.002986;21.19336
11;31;29;0.00188;19.063969
11;31;28;0.007738;17.358796
11;31;27;0.003738;15.49197
11;31;26;0.005883;13.769035
11;31;25;0.004538;12.396375
11;31;24;0.004413;10.9204
11;31;23;0.00801;9.552503
11;31;22;0.005411;8.31684
11;31;21;0.012464;7.34464
11;31;20;0.000814;6.314336
11;31;19;0.020109;5.372895
11;31;18;0.006789;4.651622
11;31;17;0.007226;3.891743
11;31;16;0.010479;3.218132
11;31;15;0.003341;2.711601
11;31;14;0.013445;2.189859
11;31;13;0.022063;1.739088
11;31;12;0.020292;1.353472
11;31;11;0.027382;1.07476
11;31;10;0.053138;0.797194
11;31;9;0.014145;0.572477
11;31;8;0.002502;0.420474
11;31;7;0.036696;0.276928
11;31;6;0.076151;0.172216
11;31;5;0.17494;0.106579
11;31;4;0.2082;0.053855
11;31;3;0.91171;0.022417
11;31;2;12.15374;0.006554
11;31;1;47.79632;0.001297
11;30;32;0.000001;25.557484
11;30;31;0.001414;23.477733
11;30;30;0.002986;21.195276
11;30;29;0.001881;19.079899
11;30;28;0.007739;17.348277
11;30;27;0.003736;15.492079
11;30;26;0.005882;13.76093
11;30;25;0.004537;12.393628
11;30;24;0.004414;10.914141
11;30;23;0.00801;9.5534
11;30;22;0.005412;8.315445
11;30;21;0.012464;7.336557
11;30;20;0.000815;6.306716
11;30;19;0.020107;5.367815
11;30;18;0.006789;4.648893
11;30;17;0.007226;3.88543
11;30;16;0.010479;3.220791
11;30;15;0.00334;2.710349
11;30;14;0.013444;2.186139
11;30;13;0.022062;1.736003
11;30;12;0.020293;1.352357
11;30;11;0.027383;1.072871
11;30;10;0.053139;0.795564
11;30;9;0.014144;0.573203
11;30;8;0.002502;0.419306
11;30;7;0.036695;0.276945
11;30;6;0.07615;0.172818
11;30;5;0.17494;0.106161
11;30;4;0.208199;0.053916
11;30;3;0.911708;0.022568
11;30;2;12.15374;0.006656
11;30;1;47.79632;0.001381
11;29;32;0.000001;25.551245
11;29;31;0.001409;23.483828
11;29;30;0.002984;21.189352
11;29;29;0.001879;19.065481
11;29;28;0.007735;17.362816
11;29;27;0.003737;15.485793
11;29;26;0.005882;13.765856
11;29;25;0.004537;12.388548
11;29;24;0.00441;10.911245
11;29;23;0.008009;9.56142
11;29;22;0.005408;8.31935
11;29;21;0.012461;7.340223
11;29;20;0.000816;6.304687
11;29;19;0.020108;5.369551
11;29;18;0.006793;4.652504
11;29;17;0.007224;3.891891
11;29;16;0.010481;3.222658
11;29;15;0.003342;2.711675
11;29;14;0.013448;2.189617
11;29;13;0.022062;1.737081
11;29;12;0.020289;1.353518
11;29;11;0.02738;1.071481
11;29;10;0.05314;0.796709
11;29;9;0.014149;0.574975
11;29;8;0.002504;0.418488
11;29;7;0.036699;0.277292
11;29;6;0.076154;0.171498
11;29;5;0.174939;0.106645
11;29;4;0.208201;0.053905
11;29;3;0.911713;0.022392
11;29;2;12.15374;0.00667
11;29;1;47.79632;0.001377
11;28;32;0.000001;25.550853
11;28;31;0.001408;23.479579
11;28;30;0.002991;21.196645
11;28;29;0.001884;19.066016
11;28;28;0.007735;17.349766
11;28;27;0.003737;15.489503
11;28;26;0.005882;13.761288
11;28;25;0.004537;12.403825
11;28;24;0.004415;10.910891
11;28;23;0.008013;9.556451
11;28;22;0.005408;8.314539
11;28;21;0.012463;7.338998
11;28;20;0.000815;6.314225
11;28;19;0.020103;5.372837
11;28;18;0.006792;4.645607
11;28;17;0.007227;3.895116
11;28;16;0.01048;3.218046
11;28;15;0.003339;2.710459
11;28;14;0.013448;2.187222
11;28;13;0.022064;1.737585
11;28;12;0.020293;1.352522
11;28;11;0.027376;1.06856
11;28;10;0.053139;0.796153
11;28;9;0.014145;0.573166
11;28;8;0.002504;0.420043
11;28;7;0.036697;0.278409
11;28;6;0.076149;0.171911
11;28;5;0.17494;0.106081
11;28;4;0.208201;0.053868
11;28;3;0.911708;0.022744
11;28;2;12.15374;0.006603
11;28;1;47.79632;0.001305
11;27;32;0.000005;25.55821
11;27;31;0.001417;23.471201
11;27;30;0.002983;21.194244
11;27;29;0.001881;19.068583
11;27;28;0.00775;17.347299
11;27;27;0.003733;15.494417
11;27;26;0.005889;13.777558
11;27;25;0.004542;12.402256
11;27;24;0.004412;10.912195
11;27;23;0.008013;9.56626
11;27;22;0.005414;8.317596
11;27;21;0.012463;7.346389
11;27;20;0.000808;6.308612
11;27;19;0.020109;5.374515
11;27;18;0.006787;4.654449
11;27;17;0.007242;3.892048
11;27;16;0.010475;3.219925
11;27;15;0.003345;2.711416
11;27;14;0.013433;2.190699
11;27;13;0.022069;1.737671
11;27;12;0.020291;1.352339
11;27;11;0.027386;1.071868
11;27;10;0.053132;0.796584
11;27;9;0.014146;0.575994
11;27;8;0.002498;0.418203
11;27;7;0.036684;0.277966
11;27;6;0.076153;0.172903
11;27;5;0.174947;0.106674
11;27;4;0.208195;0.054011
11;27;3;0.911712;0.022615
11;27;2;12.15374;0.00661
11;27;1;47.79632;0.001361
11;26;32;0.000008;25.564871
11;26;31;0.001421;23.469931
11;26;30;0.002989;21.193656
11;26;29;0.001883;19.05649
11;26;28;0.007737;17.35847
11;26;27;0.003761;15.498979
11;26;26;0.005876;13.774702
11;26;25;0.004549;12.393363
11;26;24;0.004432;10.912266
11;26;23;0.00802;9.554129
11;26;22;0.005431;8.314106
11;26;21;0.012472;7.343515
11;26;20;0.000817;6.303493
11;26;19;0.020126;5.375762
11;26;18;0.006769;4.649918
11;26;17;0.007238;3.889879
11;26;16;0.010471;3.225035
11;26;15;0.00333;2.710278
11;26;14;0.013445;2.184563
11;26;13;0.02205;1.736075
11;26;12;0.020311;1.354774
11;26;11;0.027404;1.073216
11;26;10;0.053141;0.796855
11;26;9;0.014117;0.576435
11;26;8;0.002494;0.419143
11;26;7;0.036704;0.276989
11;26;6;0.076129;0.172481
11;26;5;0.174936;0.10709
11;26;4;0.208192;0.053778
11;26;3;0.911687;0.022634
11;26;2;12.15373;0.006696
11;26;1;47.79632;0.001309
11;25;32;0.000025;25.556187
11;25;31;0.001432;23.46664
11;25;30;0.002956;21.200958
11;25;29;0.001852;19.058382
11;25;28;0.007703;17.353167
11;25;27;0.003716;15.485183
11;25;26;0.005844;13.763632
11;25;25;0.004476;12.396985
11;25;24;0.004366;10.907708
11;25;23;0.008027;9.561371
11;25;22;0.005359;8.313748
11;25;21;0.012462;7.349403
11;25;20;0.000832;6.308637
11;25;19;0.020092;5.37216
11;25;18;0.006802;4.65219
11;25;17;0.007204;3.891752
11;25;16;0.010503;3.21487
11;25;15;0.003363;2.711532
11;25;14;0.013485;2.189388
11;25;13;0.022019;1.736235
11;25;12;0.020245;1.351736
11;25;11;0.02734;1.072358
11;25;10;0.053159;0.798138
11;25;9;0.014181;0.576057
11;25;8;0.002527;0.418773
11;25;7;0.036722;0.27709
11;25;6;0.076202;0.171709
11;25;5;0.174921;0.106699
11;25;4;0.208225;0.054463
11;25;3;0.911763;0.022526
11;25;2;12.15377;0.006665
11;25;1;47.7963;0.001323
11;24;32;0.000026;25.55481
11;24;31;0.001341;23.477034
11;24;30;0.003052;21.19421
11;24;29;0.00185;19.066501
11;24;28;0.007769;17.343464
11;24;27;0.00372;15.493605
11;24;26;0.005908;13.756112
11;24;25;0.004482;12.391351
11;24;24;0.004431;10.924985
11;24;23;0.008005;9.554229
11;24;22;0.005425;8.315847
11;24;21;0.012458;7.344561
11;24;20;0.000815;6.31055
11;24;19;0.020092;5.375548
11;24;18;0.006802;4.653894
11;24;17;0.007171;3.891098
11;24;16;0.010504;3.220162
11;24;15;0.003315;2.711086
11;24;14;0.01341;2.193697
11;24;13;0.022092;1.738233
11;24;12;0.020309;1.352791
11;24;11;0.027387;1.072134
11;24;10;0.053136;0.800863
11;24;9;0.014126;0.573298
11;24;8;0.002529;0.420623
11;24;7;0.036662;0.277748
11;24;6;0.076124;0.171689
11;24;5;0.174945;0.106749
11;24;4;0.208228;0.05439
11;24;3;0.91168;0.0225
11;24;2;12.15376;0.006628
11;24;1;47.79631;0.001303
11;23;32;0.000022;25.565363
11;23;31;0.001297;23.481876
11;23;30;0.002841;21.208608
11;23;29;0.00202;19.072337
11;23;28;0.007642;17.353835
11;23;27;0.003743;15.493759
11;23;26;0.005779;13.767731
11;23;25;0.004426;12.398121
11;23;24;0.004302;10.912785
11;23;23;0.0079;9.556798
11;23;22;0.005431;8.317038
11;23;21;0.012365;7.342036
11;23;20;0.000624;6.307274
11;23;19;0.020128;5.375168
11;23;18;0.006912;4.653152
11;23;17;0.00702;3.890466
11;23;16;0.010502;3.219237
11;23;15;0.003495;2.71105
11;23;14;0.013536;2.185317
11;23;13;0.021958;1.737097
11;23;12;0.020183;1.353553
11;23;11;0.027505;1.069635
11;23;10;0.052937;0.794978
11;23;9;0.01433;0.573176
11;23;8;0.002525;0.418327
11;23;7;0.036837;0.278574
11;23;6;0.076284;0.17202
11;23;5;0.175134;0.10603
11;23;4;0.208219;0.053939
11;23;3;0.911844;0.022618
11;23;2;12.15377;0.006561
11;23;1;47.79631;0.001385
11;22;32;0.000245;25.567076
11;22;31;0.001659;23.471954
11;22;30;0.003151;21.202204
11;22;29;0.002286;19.056033
11;22;28;0.007904;17.359908
11;22;27;0.003513;15.485762
11;22;26;0.006064;13.76383
11;22;25;0.005104;12.395759
11;22;24;0.004832;10.910977
11;22;23;0.00838;9.562399
11;22;22;0.005689;8.313317
11;22;21;0.012754;7.34287
11;22;20;0.000949;6.306611
11;22;19;0.020034;5.372857
11;22;18;0.006646;4.650014
11;22;17;0.007413;3.891728
11;22;16;0.010237;3.218819
11;22;15;0.003057;2.713744
11;22;14;0.013309;2.189532
11;22;13;0.022161;1.737393
11;22;12;0.020708;1.352076
11;22;11;0.027641;1.070001
11;22;10;0.053288;0.798761
11;22;9;0.01381;0.574159
11;22;8;0.002265;0.419102
11;22;7;0.036449;0.276928
11;22;6;0.075696;0.171917
11;22;5;0.174768;0.106037
11;22;4;0.207966;0.054357
11;22;3;0.911221;0.022643
11;22;2;12.15349;0.006561
11;22;1;47.79643;0.001408
11;21;32;0.000265;25.61323
11;21;31;0.001163;23.480695
11;21;30;0.002626;21.199708
11;21;29;0.001149;19.061081
11;21;28;0.007935;17.350567
11;21;27;0.004188;15.483602
11;21;26;0.005518;13.760549
11;21;25;0.003907;12.389116
11;21;24;0.003793;10.914477
11;21;23;0.007382;9.559441
11;21;22;0.004782;8.324952
11;21;21;0.011842;7.337419
11;21;20;0.001238;6.309626
11;21;19;0.020498;5.376847
11;21;18;0.007145;4.64709
11;21;17;0.006925;3.890444
11;21;16;0.010753;3.219673
11;21;15;0.003538;2.710133
11;21;14;0.013219;2.19066
11;21;13;0.021687;1.738891
11;21;12;0.019673;1.354366
11;21;11;0.026686;1.072961
11;21;10;0.053603;0.797552
11;21;9;0.014777;0.573982
11;21;8;0.002769;0.418747
11;21;7;0.036473;0.276718
11;21;6;0.076851;0.172251
11;21;5;0.174501;0.106196
11;21;4;0.20846;0.053928
11;21;3;0.912407;0.022451
11;21;2;12.15403;0.00661
11;21;1;47.79618;0.001541
11;20;32;0.000552;25.554584
11;20;31;0.003396;23.473909
11;20;30;0.004992;21.196135
11;20;29;0.00321;19.061968
11;20;28;0.007667;17.358133
11;20;27;0.003306;15.501403
11;20;26;0.00742;13.768312
11;20;25;0.005722;12.404764
11;20;24;0.005666;10.915509
11;20;23;0.008252;9.557999
11;20;22;0.006795;8.315084
11;20;21;0.013003;7.343238
11;20;20;0.001776;6.312131
11;20;19;0.019857;5.372593
11;20;18;0.005473;4.650879
11;20;17;0.008226;3.88964
11;20;16;0.009944;3.218758
11;20;15;0.001996;2.709625
11;20;14;0.013444;2.185501
11;20;13;0.023871;1.735958
11;20;12;0.02154;1.354425
11;20;11;0.028494;1.071458
11;20;10;0.054076;0.797482
11;20;9;0.012323;0.57302
11;20;8;0.001961;0.420022
11;20;7;0.037058;0.276888
11;20;6;0.074755;0.172543
11;20;5;0.174132;0.106689
11;20;4;0.207671;0.054306
11;20;3;0.910293;0.022686
11;20;2;12.15336;0.006557
11;20;1;47.79671;0.001447
11;19;32;0.000552;25.558648
11;19;31;0.000599;23.488193
11;19;30;0.000445;21.190026
11;19;29;0.000547;19.070823
11;19;28;0.006565;17.35493
11;19;27;0.002207;15.495014
11;19;26;0.006276;13.766559
11;19;25;0.002691;12.395575
11;19;24;0.002427;10.914594
11;19;23;0.007055;9.550393
11;19;22;0.003553;8.310994
11;19;21;0.013387;7.339321
11;19;20;0.002494;6.309087
11;19;19;0.021031;5.375654
11;19;18;0.006522;4.64898
11;19;17;0.009618;3.890514
11;19;16;0.011025;3.217306
11;19;15;0.006023;2.709682
11;19;14;0.014936;2.186431
11;19;13;0.022665;1.735518
11;19;12;0.018276;1.352123
11;19;11;0.025853;1.072812
11;19;10;0.049669;0.796124
11;19;9;0.015379;0.574369
11;19;8;0.003032;0.418325
11;19;7;0.037301;0.278486
11;19;6;0.078454;0.172135
11;19;5;0.178393;0.1065
11;19;4;0.208803;0.053852
11;19;3;0.913975;0.022669
11;19;2;12.15382;0.006787
11;19;1;47.79569;0.001258
11;18;32;0.002937;25.565198
11;18;31;0.001076;23.485086
11;18;30;0.004362;21.187353
11;18;29;0.002136;19.057879
11;18;28;0.014089;17.363344
11;18;27;0.010936;15.487541
11;18;26;0.005435;13.773795
11;18;25;0.00559;12.403002
11;18;24;0.010044;10.91697
11;18;23;0.0112;9.564352
11;18;22;0.006709;8.316493
11;18;21;0.016441;7.341284
11;18;20;0.001845;6.306151
11;18;19;0.024168;5.374709
11;18;18;0.003285;4.652207
11;18;17;0.010834;3.897236
11;18;16;0.007539;3.220471
11;18;15;0.000045;2.708523
11;18;14;0.00685;2.192431
11;18;13;0.021336;1.738359
11;18;12;0.025869;1.354299
11;18;11;0.025311;1.075293
11;18;10;0.05432;0.797744
11;18;9;0.008465;0.57282
11;18;8;0.00061;0.418761
11;18;7;0.030055;0.277722
11;18;6;0.069977;0.172798
11;18;5;0.173483;0.106098
11;18;4;0.205135;0.054389
11;18;3;0.905232;0.022495
11;18;2;12.15074;0.006634
11;18;1;47.79762;0.001363
11;17;32;0.003224;25.547981
11;17;31;0.001646;23.482304
11;17;30;0.001996;21.192497
11;17;29;0.010882;19.063967
11;17;28;0.000272;17.352222
11;17;27;0.007453;15.497162
11;17;26;0.007667;13.773048
11;17;25;0.000841;12.397046
11;17;24;0.004489;10.918311
11;17;23;0.013404;9.547777
11;17;22;0.001025;8.323271
11;17;21;0.004256;7.339661
11;17;20;0.008527;6.308312
11;17;19;0.011775;5.378451
11;17;18;0.016231;4.653934
11;17;17;0.004511;3.894217
11;17;16;0.013825;3.222213
11;17;15;0.005561;2.709071
11;17;14;0.021121;2.188046
11;17;13;0.023819;1.740774
11;17;12;0.01148;1.351393
11;17;11;0.023612;1.072558
11;17;10;0.061415;0.798587
11;17;9;0.027489;0.573668
11;17;8;0.005652;0.420049
11;17;7;0.047806;0.277039
11;17;6;0.086237;0.172893
11;17;5;0.166802;0.106051
11;17;4;0.211621;0.053965
11;17;3;0.921785;0.022466
11;17;2;12.15595;0.006618
11;17;1;47.79373;0.001322
11;16;32;0.00358;25.562592
11;16;31;0.005268;23.484325
11;16;30;0.030232;21.189248
11;16;29;0.01698;19.069237
11;16;28;0.006467;17.357756
11;16;27;0.005108;15.499246
11;16;26;0.013519;13.768926
11;16;25;0.003974;12.408105
11;16;24;0.01936;10.91926
11;16;23;0.006676;9.562855
11;16;22;0.020785;8.317211
11;16;21;0.01865;7.344495
11;16;20;0.01119;6.304944
11;16;19;0.019277;5.365375
11;16;18;0.009829;4.650131
11;16;17;0.003515;3.887843
11;16;16;0.00702;3.221911
11;16;15;0.013148;2.714666
11;16;14;0.017348;2.187792
11;16;13;0.03563;1.738532
11;16;12;0.03526;1.352275
11;16;11;0.045174;1.072482
11;16;10;0.062955;0.797198
11;16;9;0.00527;0.573746
11;16;8;0.001111;0.421042
11;16;7;0.033343;0.278248
11;16;6;0.059077;0.171527
11;16;5;0.166684;0.106502
11;16;4;0.204316;0.053972
11;16;3;0.893614;0.022447
11;16;2;12.15545;0.006625
11;16;1;47.80048;0.001376
11;15;32;0.00513;25.566963
11;15;31;0.052874;23.487075
11;15;30;0.022862;21.206389
11;15;29;0.01333;19.073408
11;15;28;0.041928;17.365598
11;15;27;0.004427;15.495502
11;15;26;0.017612;13.77083
11;15;25;0.045952;12.403249
11;15;24;0.012731;10.925372
11;15;23;0.016518;9.559338
11;15;22;0.015816;8.318087
11;15;21;0.005539;7.344148
11;15;20;0.037714;6.30409
11;15;19;0.02002;5.374407
11;15;18;0.008771;4.653795
11;15;17;0.034498;3.891802
11;15;16;0.005618;3.217354
11;15;15;0.031772;2.708576
11;15;14;0.023738;2.191433
11;15;13;0.034535;1.739969
11;15;12;0.002279;1.3511
11;15;11;0.014288;1.071895
11;15;10;0.011845;0.796573
11;15;9;0.0336;0.574123
11;15;8;0.003074;0.418809
11;15;7;0.000218;0.277454
11;15;6;0.098881;0.17244
11;15;5;0.216443;0.10652
11;15;4;0.20283;0.053919
11;15;3;0.932964;0.022605
11;15;2;12.15388;0.006623
11;15;1;47.80299;0.001322
11;14;32;0.035363;25.56404
11;14;31;0.080857;23.49187
11;14;30;0.053481;21.199707
11;14;29;0.114561;19.066764
11;14;28;0.067978;17.349879
11;14;27;0.047762;15.49904
11;14;26;0.093601;13.778761
11;14;25;0.000126;12.395811
11;14;24;0.014643;10.91473
11;14;23;0.058586;9.554339
11;14;22;0.011998;8.309476
11;14;21;0.024825;7.333517
11;14;20;0.063306;6.303138
11;14;19;0.037853;5.370442
11;14;18;0.006658;4.645666
11;14;17;0.043539;3.888177
11;14;16;0.047638;3.219945
11;14;15;0.029882;2.709103
11;14;14;0.085376;2.187084
11;14;13;0.096292;1.737084
11;14;12;0.03131;1.352013
11;14;11;0.026457;1.070213
11;14;10;0.006597;0.79545
11;14;9;0.033023;0.573979
11;14;8;0.037783;0.419201
11;14;7;0.130518;0.277853
11;14;6;0.058704;0.17165
11;14;5;0.232315;0.106129
11;14;4;0.245364;0.053903
11;14;3;0.901322;0.022576
11;14;2;12.17255;0.00657
11;14;1;47.76457;0.001306
11;13;32;0.049713;25.563681
11;13;31;0.046665;23.473517
11;13;30;0.029489;21.196882
11;13;29;0.127855;19.062131
11;13;28;0.019227;17.361757
11;13;27;0.293405;15.488776
11;13;26;0.003254;13.764924
11;13;25;0.149438;12.399078
11;13;24;0.036642;10.91505
11;13;23;0.102453;9.566638
11;13;22;0.102691;8.314151
11;13;21;0.160408;7.345391
11;13;20;0.228083;6.311455
11;13;19;0.230178;5.3727
11;13;18;0.101906;4.648325
11;13;17;0.049381;3.891588
11;13;16;0.039735;3.221757
11;13;15;0.06398;2.714747
11;13;14;0.019492;2.183151
11;13;13;0.003051;1.737544
11;13;12;0.022941;1.355101
11;13;11;0.231401;1.073387
11;13;10;0.290363;0.797744
11;13;9;0.006319;0.572882
11;13;8;0.047149;0.42003
11;13;7;0.016763;0.276824
11;13;6;0.139424;0.172112
11;13;5;0.058509;0.106144
11;13;4;0.156098;0.053851
11;13;3;0.95902;0.022374
11;13;2;12.12822;0.006643
11;13;1;47.84749;0.00133
11;12;32;0.172781;25.560247
11;12;31;0.159384;23.485469
11;12;30;0.218487;21.191164
11;12;29;0.060916;19.064029
11;12;28;0.084549;17.354328
11;12;27;0.521147;15.50205
11;12;26;0.051103;13.775227
11;12;25;0.48847;12.400026
11;12;24;0.017878;10.913313
11;12;23;0.33069;9.556854
11;12;22;0.119496;8.313445
11;12;21;0.068298;7.340507
11;12;20;0.049746;6.303672
11;12;19;0.465821;5.373655
11;12;18;0.121592;4.64981
11;12;17;0.016846;3.888269
11;12;16;0.180649;3.221301
11;12;15;0.04487;2.710196
11;12;14;0.079554;2.190366
11;12;13;0.080404;1.738937
11;12;12;0.041356;1.350689
11;12;11;0.116702;1.070764
11;12;10;0.006531;0.796783
11;12;9;0.01396;0.572418
11;12;8;0.178231;0.419488
11;12;7;0.050055;0.2788
11;12;6;0.019094;0.171699
11;12;5;0.242443;0.106723
11;12;4;0.380289;0.054019
11;12;3;0.897053;0.022585
11;12;2;12.29566;0.006569
11;12;1;47.70233;0.001417
11;11;32;0.210878;25.565248
11;11;31;0.226526;23.476002
11;11;30;0.294356;21.18639
11;11;29;0.269189;19.074388
11;11;28;0.101274;17.35373
11;11;27;0.700639;15.490213
11;11;26;0.110342;13.77576
11;11;25;0.578549;12.398463
11;11;24;0.146033;10.914226
11;11;23;0.473722;9.561986
11;11;22;0.151239;8.309492
11;11;21;0.098326;7.341723
11;11;20;0.504259;6.310129
11;11;19;0.631389;5.375062
11;11;18;0.200524;4.653002
11;11;17;0.964051;3.893235
11;11;16;0.208113;3.220772
11;11;15;0.338135;2.712031
11;11;14;0.088154;2.192066
11;11;13;0.108158;1.742409
11;11;12;0.140798;1.351072
11;11;11;0.199483;1.070753
11;11;10;0.497284;0.798454
11;11;9;0.466409;0.574931
11;11;8;0.211418;0.418668
11;11;7;0.316304;0.277882
11;11;6;0.295203;0.171788
11;11;5;0.705246;0.107224
11;11;4;0.004694;0.053916
11;11;3;1.121676;0.022675
11;11;2;11.95865;0.006555
11;11;1;47.99557;0.001307
